first_name,last_name,gender,birthday,email,phone
Derek,Kertzmann,female,1978-12-11,chere@kohler.test,393.115.6341
Lavenia,Kohler,male,1971-12-27,corinna@weissnat.example,840.689.8284
Keira,Kshlerin,female,1953-08-27,chau@schultz.test,286-788-5800
Ronald,Stroman,male,2003-03-31,brianne@cormier.example,828 556 6301
Candace,DuBuque,male,1988-04-22,sandy@swift-schumm.test,601-737-3728
Casey,Lakin,male,1977-05-10,myron.reichert@aufderhar.test,(437) 116 0101
Yevette,Windler,female,1982-07-12,taylor@zemlak.test,565-733-2934
Judson,Hammes,female,1963-04-25,waldo.corwin@schamberger.test,564-281-2572
Calista,Haley,female,1960-10-25,christene@hauck.example,202-670-2936
Mary,Collins,female,1977-01-20,gilberto_ratke@hudson-nikolaus.test,358.316.9024
Rogelio,Treutel,male,1965-05-06,ula@douglas.example,(645) 835-8545
Josephina,Baumbach,female,1985-04-17,reed_lubowitz@weimann.test,631.357.9289
Juliette,Morissette,male,1983-12-10,otha_wuckert@hyatt.example,734 119 4704
Kristopher,Sauer,female,1995-11-21,angele_stark@conroy.test,223.845.8075
Royce,Reichel,male,1988-02-10,lesley_baumbach@blick-halvorson.example,566-614-7980
Macy,Smith,female,1958-05-09,annemarie_bode@reinger-mckenzie.example,531-152-2798
Jewell,Larkin,female,1999-11-13,albert.buckridge@ward.test,(445) 577 2724
Felicitas,Thiel,female,1996-09-03,joaquina@pfannerstill.example,(123) 737 0632
Sherry,Cummings,female,1973-11-02,augustine_renner@klein.example,199-673-2214
Andy,Prosacco,male,1992-02-27,issac@doyle.example,779.560.4917
Walter,Rodriguez,female,1968-07-03,earnest@bradtke.example,(999) 185-4651
Manuel,Balistreri,male,1963-10-12,adrienne.huel@jast.test,784.537.6331
Jefferson,Greenholt,female,1970-01-23,enola@kirlin.example,(524) 696 9736
Phylis,Rogahn,female,1967-09-18,robert_russel@hoppe.test,755.532.9496
Clyde,Rempel,female,1952-07-23,leonarda.hane@breitenberg-fahey.test,686.028.8043
Kizzy,Ratke,male,1983-11-07,lance_botsford@dicki.test,(188) 422 8087
Burt,Torphy,male,1981-12-16,benedict_oconner@wuckert.example,184.513.0709
Berry,King,male,2004-04-11,selene@lemke.test,770 493 4997
Cathryn,Runte,male,1959-04-02,star.muller@trantow.example,(208) 893-0419
Denita,Heidenreich,female,1996-10-24,kellee@dooley.example,782.578.3448
Rudy,Kemmer,male,1950-09-10,herman_schiller@collier.test,770 196 0946
Ludivina,Turner,male,2003-12-09,dylan_wolf@schmitt.test,(830) 854-7761
Marcos,Schowalter,male,1957-02-20,leanora.kovacek@auer.test,6198631793
Riley,Bechtelar,male,1972-06-16,sylvester.wilkinson@oconner.example,429.936.2738
Shanice,Kassulke,female,2004-12-03,tawna@farrell-harvey.test,843-215-6530
Camila,Collins,male,1969-02-26,staci.jacobson@runolfsson-frami.example,347-818-3836
Harold,Reichert,male,2004-08-31,lemuel.stokes@ruecker.example,804-883-8818
Chong,Renner,male,1952-10-02,james@rolfson.example,886.284.7316
Elvis,Grimes,female,1966-02-03,johnny@denesik.test,464-693-6306
Charlie,Larson,male,1993-12-04,clarence@kovacek.test,(146) 216-7428
Shawana,Kling,female,2001-04-28,rosella@jast.test,(232) 844 3325
Kristofer,Fay,female,1983-03-26,josphine.nader@schiller.example,164-983-5078
Craig,Bogan,female,1986-09-08,hilton_runolfsdottir@mueller-herzog.test,352-609-8275
Denita,Waters,male,1989-07-10,guadalupe_keeling@ernser-towne.example,204.107.6620
Dwayne,Witting,male,1989-08-26,jackson_shields@spencer.test,122-999-8848
Wynell,Glover,female,2005-12-27,prince@kiehn.test,346.710.8175
Dayna,Rosenbaum,female,1987-09-01,titus@aufderhar.test,406-526-7962
Nelson,Pfannerstill,female,1999-03-10,josiah@mckenzie.example,(641) 883 3896
Dirk,Berge,male,1997-10-04,noma_mueller@pacocha.example,3265397593
Brandon,Krajcik,male,1979-06-13,nydia.jacobs@wilkinson-morar.example,(287) 789 9864
